"Area","Year","Total","Male","Female"
"Aruba","2011",58.1,63.6,53.4
"Afghanistan","2021",46.906,72.553,22.014
"Angola","2025",66.617,67.49,65.803
"Anguilla","2002",66.6,72.3,60.8
"Albania","2024",58.136,64.437,52.063
"Netherlands Antilles","2011",52.226,56.975,48.508
"United Arab Emirates","2025",80.786,90.624,56.051
"Argentina","2025",57.632,67.092,48.921
"Armenia","2023",59.876,70.453,51.48
"American Samoa","2010",47.792,,
"Antigua and Barbuda","2023",69.997,74.634,65.863
"Australia","2025",64.152,67.703,60.712
"Austria","2025",58.131,62.327,54.107
"Azerbaijan","2022",62,66.2,57.9
"Burundi","2020",77.748,78.078,77.485
"Belgium","2025",52.493,56.41,48.716
"Benin","2022",74.995,76.564,73.609
"Burkina Faso","2025",63.284,70.984,56.844
"Bangladesh","2024",56.762,76.981,37.084
"Bulgaria","2025",53.188,59.333,47.629
"Bahrain","2015",70.928,86.796,42.006
"Bahamas","2024",46.87,49.481,44.542
"Bosnia and Herzegovina","2025",46.327,57.435,35.763
"Belarus","2025",68.496,72.79,64.731
"Belize","2019",63.414,77.585,49.418
"Bermuda","2010",70.129,74.242,66.412
"Bolivia, Plurinational State of","2025",78.054,84.019,72.425
"Brazil","2025",59.514,69.929,49.829
"Barbados","2024",58.992,62.3,55.989
"Brunei Darussalam","2025",60.2,68.329,50.72
"Bhutan","2025",62.562,71.338,52.925
"Botswana","2024",52.183,56.862,47.98
"Canada","2025",60.83,64.591,57.109
"Switzerland","2025",64.075,68.524,59.72
"Chile","2025",56.933,66.031,48.197
"China","2019",67.35,,
"Côte d'Ivoire","2022",65.598,73.943,58.058
"Cameroon","2021",63.177,72.607,55.283
"Congo, Democratic Republic of the","2020",62.51,65.532,59.635
"Congo","2009",36.003,32.667,39.144
"Cook Islands","2023",71.129,74.585,67.917
"Colombia","2025",58.581,71.429,46.74
"Comoros","2021",52.77,61.046,44.858
"Cape Verde","2019",50.9,57.6,44.4
"Costa Rica","2025",52.388,63.804,40.944
"Cuba","2013",70.5,84.4,55.3
"Curaçao","2020",47.8,48.9,43
"Cayman Islands","2015",79.277,81.816,76.765
"Cyprus","2025",62.319,67.74,57.158
"Czechia","2025",59.31,65.647,53.389
"Germany","2025",59.309,63.87,54.904
"Djibouti","2025",27.87,40.04,16.383
"Dominica","2001",51.366,61.84,40.797
"Denmark","2025",61.044,65.555,56.638
"Dominican Republic","2025",62.876,75.716,51.114
"Algeria","2017",36.9,60,13.5
"Ecuador","2025",62.217,75.058,49.923
"Egypt","2024",45.104,68.096,20.993
"Spain","2025",52.079,57.095,47.312
"Estonia","2025",61.487,65.699,57.813
"Ethiopia","2021",65.567,76.876,54.566
"Finland","2025",55.022,57.673,52.442
"Fiji","2024",51.891,68.072,35.164
"Falkland Islands, Malvinas","2016",94.94,,88.37
"France","2025",52.572,56.084,49.332
"Faroe Islands","2013",79.556,83.107,75.586
"Micronesia, Federated States of","2014",51.852,64.204,39.781
"Gabon","2024",40.908,49.163,33.496
"United Kingdom of Great Britain and Northern Ireland","2025",59.765,63.145,56.567
"Georgia","2025",60.345,67.514,54.091
"Guernsey","2016",76.13,81.201,71
"Ghana","2025",68.148,69.244,67.294
"Gibraltar","1991",46.1,58.013,33.683
"Guinea","2019",50.225,61.941,40.701
"Guadeloupe","2013",38.933,43.044,35.564
"Gambia","2025",47.658,51.674,43.979
"Guinea-Bissau","2022",63.11,67.757,59.014
"Equatorial Guinea","2023",55.218,59.605,51.236
"Greece","2025",48.213,56.309,40.636
"Grenada","2023",58.422,63.969,52.635
"Greenland","2015",60,63,57
"Guatemala","2025",62.719,82.075,45.661
"French Guiana","2013",42.001,48.986,35.684
"Guam","2011",54.3,61.6,47.7
"Guyana","2024",53.124,65.304,41.048
"Hong Kong, China","2025",54.91,59.591,51.138
"Honduras","2025",55.339,73.58,40.143
"Croatia","2025",51.442,55.871,47.243
"Haiti","2012",55.113,65.922,45.322
"Hungary","2025",58.784,65.226,52.898
"Indonesia","2023",65.044,78.606,51.305
"Isle of Man","2016",81.935,85.497,78.276
"India","2025",52.771,73.578,32.52
"Ireland","2025",63.067,67.813,58.472
"Iran, Islamic Republic of","2024",37.601,63.193,12.093
"Iraq","2021",33.248,58.497,7.719
"Iceland","2025",72.27,75.576,68.793
"Israel","2025",60.581,63.491,57.788
"Italy","2025",46.845,55.382,38.781
"Jamaica","2023",64.365,70.754,58.2
"Jersey","2011",77.678,81.181,73.842
"Jordan","2024",33.961,52.55,13.231
"Japan","2025",62.225,69.796,55.142
"Kazakhstan","2022",95.1,95.7,94.5
"Kenya","2021",64.861,70.968,59.358
"Kyrgyzstan","2023",54.93,69.013,41.675
"Cambodia","2025",76.999,83.048,71.43
"Kiribati","2023",53.065,61.815,45.029
"Saint Kitts and Nevis","2001",65.263,68.768,61.668
"Republic of Korea","2025",63.111,70.683,55.739
"Kosovo","2024",33.836,49.515,18.387
"Kuwait","2016",72.242,87.022,46.984
"Lao People's Democratic Republic","2022",65.203,69.695,60.919
"Lebanon","2019",43.368,63.568,25.15
"Liberia","2017",43.944,47.058,41.173
"Libya","2012",38.664,51.3,25.304
"Saint Lucia","2025",63.627,69.98,57.792
"Liechtenstein","2017",59.05,66.226,52.143
"Sri Lanka","2024",45.303,65.387,27.705
"Lesotho","2024",53.175,61.957,45.005
"Lithuania","2025",58.742,62.7,55.23
"Luxembourg","2025",58.234,61.799,54.632
"Latvia","2025",57.366,62.329,53.247
"Macau, China","2016",70.9,76,66.2
"Morocco","2022",39.1,62.4,16.4
"Monaco","2016",47.894,57.073,39.223
"Republic of Moldova","2025",71.426,74.282,69.042
"Madagascar","2022",72.623,79.157,66.499
"Maldives","2019",60.729,74.646,48.615
"Mexico","2025",58.83,74.209,45.275
"Marshall Islands","2021",44.645,55.806,33.059
"North Macedonia","2025",45.942,53.807,38.353
"Mali","2024",59.179,78.267,42.353
"Malta","2025",65.426,72.243,57.549
"Myanmar","2020",59.263,76.707,44.66
"Montenegro","2024",56.391,62.897,49.991
"Mongolia","2025",58.122,65.97,50.722
"Northern Mariana Islands","2010",64.185,70.129,57.88
"Mozambique","2022",73.466,75.767,71.458
"Mauritania","2019",40.731,58.953,25.359
"Montserrat","2020",64.211,64.993,63.434
"Martinique","2013",41.01,41.52,40.59
"Mauritius","2024",54.348,65.289,44.19
"Malawi","2024",41.941,48.094,36.733
"Malaysia","2022",66.5,78.8,53.5
"Namibia","2023",30.342,34.336,26.627
"New Caledonia","2023",53.27,58.395,48.298
"Niger","2022",79.292,86.865,73.153
"Nigeria","2024",78.719,80.466,77.071
"Nicaragua","2014",62.034,80.147,45.352
"Niue","2022",61.177,62.5,59.906
"Netherlands","2025",66.009,70.28,61.806
"Norway","2025",62.586,65.94,59.209
"Nepal","2017",35.66,49.572,24.557
"Naoero","2024",35.383,36.972,33.802
"New Zealand","2025",66.792,70.786,62.901
"Oman","2022",68.272,85.082,35.822
"Pakistan","2025",51.492,76.613,25.391
"Panama","2025",57.332,68.988,46.699
"Peru","2025",68.61,76.979,60.544
"Philippines","2024",58.789,69.444,48.107
"Palau","2023",65.718,70.802,59.501
"Papua New Guinea","2022",50.59,51.596,49.541
"Poland","2025",56.948,63.888,50.547
"Puerto Rico","2020",37.18,41.605,33.273
"Portugal","2025",55.817,59.954,52.099
"Paraguay","2025",68.694,79.567,57.851
"Palestine, State of","2025",32.45,51.49,12.818
"French Polynesia","2012",44.078,50.005,37.916
"Qatar","2024",87.86,95.466,63.275
"Réunion","2013",39.01,43.959,34.521
"Romania","2025",48.256,57.749,39.486
"Russian Federation","2025",61.498,69.099,55.169
"Rwanda","2025",72.662,76.148,69.566
"Saudi Arabia","2025",65.225,82.262,32.221
"Sudan","2022",35.009,58.172,12.367
"Senegal","2024",41.986,55.631,28.777
"Singapore","2025",65.663,71.256,60.456
"Saint Helena","1998",52.854,59.625,46.118
"Solomon Islands","2013",85.363,87.291,83.297
"Sierra Leone","2018",65.151,67.533,63.117
"El Salvador","2025",59.595,74.824,47.039
"San Marino","2022",66.998,68.513,65.514
"Somalia","2022",27.98,40.486,17.398
"Serbia","2025",54.7,61.405,48.467
"South Sudan","2008",64.892,68.007,61.929
"Sao Tome and Principe","2017",54.699,68.871,41.355
"Suriname","2016",51.672,63.513,40.305
"Slovakia","2025",57.903,63.726,52.418
"Slovenia","2025",56.23,60.512,51.876
"Sweden","2025",61.6,64.223,58.948
"Eswatini","2023",33.495,36.979,30.551
"Seychelles","2025",62.88,66.375,59.624
"Syrian Arab Republic","2010",39,67.7,10.1
"Turks and Caicos Islands","2008",58.716,,
"Chad","2022",51.141,63.112,41.036
"Togo","2022",69.339,71.387,67.609
"Thailand","2025",66.643,75.104,58.954
"Tajikistan","2016",39.674,56.358,22.458
"Tokelau","2022",49.548,54.63,44.714
"Turkmenistan","1999",40.27,,
"Timor-Leste","2022",46.009,51.665,40.234
"Tonga","2023",50.566,60.69,41.943
"Trinidad and Tobago","2024",52.344,59.982,45.096
"Tunisia","2023",38.537,56.575,21.221
"Türkiye","2025",49.049,66.388,32.079
"Tuvalu","2022",40.726,48.899,32.306
"Taiwan, China","2020",56.863,64.614,49.479
"Tanzania, United Republic of","2025",81.342,86.81,76.273
"Uganda","2021",76.648,81.997,71.687
"Ukraine","2021",49.266,56.867,42.92
"Uruguay","2025",60.739,69.242,52.901
"United States of America","2025",59.745,64.85,54.883
"Uzbekistan","2020",53.241,70.26,36.856
"Saint Vincent and the Grenadines","2008",52.499,,
"Venezuela, Bolivarian Republic of","2020",55.377,67.422,43.514
"British Virgin Islands","1991",74.173,81.37,66.52
"Viet Nam","2024",71.341,75.776,67.084
"Vanuatu","2025",68.644,71.891,65.334
"Wallis and Futuna","2023",64.824,71.095,59.17
"Samoa","2022",41.59,54.616,28.969
"World","2027",57.595,69.173,46.061
"World: Low income","2027",59.241,69.375,49.37
"World: Lower-middle income","2027",56.165,73.349,38.704
"World: Upper-middle income","2027",58.528,67.36,49.766
"World: High income","2027",57.853,64.486,51.385
"Africa","2027",60.774,69.649,52.056
"Africa: Low income","2027",63.479,71.18,56.015
"Africa: Lower-middle income","2027",63.041,72.165,53.977
"Africa: Upper-middle income","2027",37.544,49.832,25.532
"Northern Africa","2027",38.644,62.476,14.786
"Northern Africa: Lower-middle income","2027",40.844,65.102,16.525
"Northern Africa: Upper-middle income","2027",35.707,57.718,12.889
"Sub-Saharan Africa","2027",66.21,71.432,61.105
"Sub-Saharan Africa: Low income","2027",66.184,72.341,60.208
"Sub-Saharan Africa: Lower-middle income","2027",70.159,74.444,65.916
"Sub-Saharan Africa: Upper-middle income","2027",38.872,43.831,34.226
"Central Africa","2027",61.202,65.382,57.15
"Eastern Africa","2027",68.447,74.665,62.474
"Southern Africa","2027",38.54,43.093,34.319
"Western Africa","2027",71.187,75.697,66.628
"Americas","2027",59.068,68.211,50.217
"Americas: Lower-middle income","2027",62.308,72.643,52.216
"Americas: Upper-middle income","2027",59.414,71.507,47.962
"Americas: High income","2027",58.343,63.672,53.037
"Latin America and the Caribbean","2027",59.34,71.156,48.122
"Latin America and the Caribbean: Lower-middle income","2027",62.308,72.643,52.216
"Latin America and the Caribbean: Upper-middle income","2027",59.414,71.507,47.962
"Latin America and the Caribbean: High income","2027",55.51,64.818,46.588
"Caribbean","2027",55.143,64.98,45.773
"Central America","2027",59.339,74.896,44.93
"South America","2027",59.743,70.263,49.658
"Northern America","2027",58.628,63.559,53.7
"Northern America: High income","2027",58.628,63.559,53.7
"Arab States","2027",44.579,68.255,15.644
"Arab States: Lower-middle income","2027",34.323,55.958,12.725
"Arab States: High income","2027",68.23,85.326,37.093
"Asia and the Pacific","2027",57.582,70.84,44.126
"Asia and the Pacific: Low income","2027",53.287,70.977,35.812
"Asia and the Pacific: Lower-middle income","2027",54.341,74.02,34.174
"Asia and the Pacific: Upper-middle income","2027",60.638,67.687,53.491
"Asia and the Pacific: High income","2027",61.736,68.619,55.173
"Eastern Asia","2027",61.147,66.079,56.173
"Eastern Asia: Upper-middle income","2027",60.806,65.403,56.121
"Eastern Asia: High income","2027",61.271,68.62,54.311
"South-Eastern Asia and the Pacific","2027",64.706,75.088,54.555
"South-Eastern Asia and the Pacific: Lower-middle income","2027",63.602,71.983,55.563
"South-Eastern Asia and the Pacific: Upper-middle income","2027",65.59,78.1,53.198
"South-Eastern Asia and the Pacific: High income","2027",64.284,68.615,60.002
"South-Eastern Asia","2027",64.959,75.803,54.364
"Pacific Islands","2027",60.933,64.499,57.412
"Southern Asia","2027",51.759,73.517,29.243
"Southern Asia: Lower-middle income","2027",52.85,74.336,30.594
"Southern Asia: Upper-middle income","2027",37.035,61.639,11.753
"Europe and Central Asia","2027",54.386,61.837,47.499
"Europe and Central Asia: Lower-middle income","2027",50.817,66.617,35.408
"Europe and Central Asia: Upper-middle income","2027",52.183,63.512,41.752
"Europe and Central Asia: High income","2027",55.23,61.049,49.866
"Northern, Southern and Western Europe","2027",54.028,59.21,49.108
"Northern, Southern and Western Europe: Upper-middle income","2027",51.593,59.167,44.764
"Northern, Southern and Western Europe: High income","2027",54.109,59.211,49.256
"Northern Europe","2027",58.354,62.056,54.795
"Southern Europe","2027",48.969,55.989,42.376
"Western Europe","2027",55.531,60.092,51.193
"Eastern Europe","2027",56.126,63.704,49.599
"Eastern Europe: Upper-middle income","2027",51.929,59.854,45.238
"Eastern Europe: High income","2027",57.073,64.562,50.595
"Central Asia","2027",53.339,65.398,41.812
"Central and Western Asia: Lower-middle income","2027",50.817,66.617,35.408
"Central and Western Asia: Upper-middle income","2027",52.362,65.459,39.824
"Central and Western Asia: High income","2027",63.358,66.754,60.039
"Central and Western Asia","2027",52.572,65.827,39.809
"Western Asia","2027",52.081,66.101,38.517
"European Union 28","2027",53.964,59.468,48.76
"G20","2027",58.381,68.939,47.812
"ASEAN","2027",64.957,75.811,54.352
"BRICS","2027",57.155,70.073,43.943
"World excluding BRICS","2027",58.027,68.234,48.126
"G7","2027",57.328,62.802,52.015
"MENA","2027",40.381,64.435,14.476
"Arab League","2027",40.638,64.085,15.246
"CARICOM","2027",56.49,63.778,49.504
"European Union 27","2027",53.365,59.136,47.918
"Arab States: Low income","2027",29.128,52.437,5.778
"APEC","2027",61.394,68.02,54.849
"World excluding India and China","2027",57.826,68.8,47.154
"World: Lower-middle income excluding India","2027",58.879,72.33,45.729
"World: Upper-middle income excluding China","2027",56.11,69.481,43.223
"Yemen","2014",31.37,57.337,4.46
"South Africa","2024",37.632,42.967,32.625
"Zambia","2024",59.658,65.63,53.798
"Zimbabwe","2025",65.138,71.666,59.632
